id,step_number,title,book,layer,macro_step_id,macro_step_title,status,canonical_path,short_route,padded_short_route
S001,1,Non-import discipline,Book I,E0,CS-01,Build the τ-Kernel,scaffolded_from_full_spine_rc3,/corpus/construction-spine/steps/001-non-import-discipline/,https://prrp.site/s1,https://prrp.site/s001
S002,2,Coherence kernel,Book I,E0,CS-01,Build the τ-Kernel,scaffolded_from_full_spine_rc3,/corpus/construction-spine/steps/002-coherence-kernel/,https://prrp.site/s2,https://prrp.site/s002
S003,3,Orbit architecture,Book I,E0,CS-01,Build the τ-Kernel,scaffolded_from_full_spine_rc3,/corpus/construction-spine/steps/003-orbit-architecture/,https://prrp.site/s3,https://prrp.site/s003
S004,4,Four-block order readout,Book I,E0,CS-01,Build the τ-Kernel,scaffolded_from_full_spine_rc3,/corpus/construction-spine/steps/004-four-block-order-readout/,https://prrp.site/s4,https://prrp.site/s004
S005,5,Nonredundant fold strata,Book I,E0,CS-01,Build the τ-Kernel,scaffolded_from_full_spine_rc3,/corpus/construction-spine/steps/005-nonredundant-fold-strata/,https://prrp.site/s5,https://prrp.site/s005
S006,6,Counting as construction,Book I,E0,CS-01,Build the τ-Kernel,scaffolded_from_full_spine_rc3,/corpus/construction-spine/steps/006-counting-as-construction/,https://prrp.site/s6,https://prrp.site/s006
S007,7,Iterator ladder,Book I,E0,CS-01,Build the τ-Kernel,scaffolded_from_full_spine_rc3,/corpus/construction-spine/steps/007-iterator-ladder/,https://prrp.site/s7,https://prrp.site/s007
S008,8,"Address resolution, not calculation",Book I,E0,CS-01,Build the τ-Kernel,scaffolded_from_full_spine_rc3,/corpus/construction-spine/steps/008-address-resolution-not-calculation/,https://prrp.site/s8,https://prrp.site/s008
S009,9,Hyperfactorization and ABCD chart,Book I,E0,CS-01,Build the τ-Kernel,scaffolded_from_full_spine_rc3,/corpus/construction-spine/steps/009-hyperfactorization-and-abcd-chart/,https://prrp.site/s9,https://prrp.site/s009
S010,10,Prime polarity,Book I,E0,CS-01,Build the τ-Kernel,scaffolded_from_full_spine_rc3,/corpus/construction-spine/steps/010-prime-polarity/,https://prrp.site/s10,https://prrp.site/s010
S011,11,Internal set theory,Book I,E0,CS-01,Build the τ-Kernel,scaffolded_from_full_spine_rc3,/corpus/construction-spine/steps/011-internal-set-theory/,https://prrp.site/s11,https://prrp.site/s011
S012,12,Split-complex boundary algebra,Book I,E0,CS-01,Build the τ-Kernel,scaffolded_from_full_spine_rc3,/corpus/construction-spine/steps/012-split-complex-boundary-algebra/,https://prrp.site/s12,https://prrp.site/s012
S013,13,τ-holomorphy as ω-germ transformer,Book I,E0,CS-01,Build the τ-Kernel,scaffolded_from_full_spine_rc3,/corpus/construction-spine/steps/013-tau-holomorphy-as-omega-germ-transformer/,https://prrp.site/s13,https://prrp.site/s013
S014,14,Four-valued τ-topos,Book I,E0,CS-01,Build the τ-Kernel,scaffolded_from_full_spine_rc3,/corpus/construction-spine/steps/014-four-valued-tau-topos/,https://prrp.site/s14,https://prrp.site/s014
S015,15,Lemniscate characters,Book I,E0,CS-01,Build the τ-Kernel,scaffolded_from_full_spine_rc3,/corpus/construction-spine/steps/015-lemniscate-characters/,https://prrp.site/s15,https://prrp.site/s015
S016,16,Global Hartogs,Book I,E0,CS-01,Build the τ-Kernel,scaffolded_from_full_spine_rc3,/corpus/construction-spine/steps/016-global-hartogs/,https://prrp.site/s16,https://prrp.site/s016
S017,17,Boundary-first inversion,Book II,E0,CS-02,Recover Core Mathematics,scaffolded_from_full_spine_rc3,/corpus/construction-spine/steps/017-boundary-first-inversion/,https://prrp.site/s17,https://prrp.site/s017
S018,18,τ³ as geometric readout τ¹×_f T²,Book II,E0,CS-02,Recover Core Mathematics,scaffolded_from_full_spine_rc3,/corpus/construction-spine/steps/018-tau-3-as-geometric-readout-tau-1-x-f-t-2/,https://prrp.site/s18,https://prrp.site/s018
S019,19,Cylinders and ultrametric topology,Book II,E0,CS-02,Recover Core Mathematics,scaffolded_from_full_spine_rc3,/corpus/construction-spine/steps/019-cylinders-and-ultrametric-topology/,https://prrp.site/s19,https://prrp.site/s019
S020,20,Stone/profinite shape and two-readout principle,Book II,E0,CS-02,Recover Core Mathematics,scaffolded_from_full_spine_rc3,/corpus/construction-spine/steps/020-stone-profinite-shape-and-two-readout-principle/,https://prrp.site/s20,https://prrp.site/s020
S021,21,Geometric lemniscate at ω,Book II,E0,CS-02,Recover Core Mathematics,scaffolded_from_full_spine_rc3,/corpus/construction-spine/steps/021-geometric-lemniscate-at-omega/,https://prrp.site/s21,https://prrp.site/s021
S022,22,Tarski geometry and wave-type causal precursor,Book II,E0,CS-02,Recover Core Mathematics,scaffolded_from_full_spine_rc3,/corpus/construction-spine/steps/022-tarski-geometry-and-wave-type-causal-precursor/,https://prrp.site/s22,https://prrp.site/s022
S023,23,"Earned constants π_τ,e_τ,j",Book II,E0,CS-02,Recover Core Mathematics,scaffolded_from_full_spine_rc3,/corpus/construction-spine/steps/023-earned-constants-pi-tau-e-tau-j/,https://prrp.site/s23,https://prrp.site/s023
S024,24,Master constant ι_τ,Book II,E0,CS-02,Recover Core Mathematics,scaffolded_from_full_spine_rc3,/corpus/construction-spine/steps/024-master-constant-iota-tau/,https://prrp.site/s24,https://prrp.site/s024
S025,25,Local Hartogs and mutual determination,Book II,E0,CS-02,Recover Core Mathematics,scaffolded_from_full_spine_rc3,/corpus/construction-spine/steps/025-local-hartogs-and-mutual-determination/,https://prrp.site/s25,https://prrp.site/s025
S026,26,Regularity and finite spectral support,Book II,E0,CS-02,Recover Core Mathematics,scaffolded_from_full_spine_rc3,/corpus/construction-spine/steps/026-regularity-and-finite-spectral-support/,https://prrp.site/s26,https://prrp.site/s026
S027,27,"Sheaf coherence, self-enrichment, Yoneda",Book II,E0,CS-03,Internalize Self-Enrichment,scaffolded_from_full_spine_rc3,/corpus/construction-spine/steps/027-sheaf-coherence-self-enrichment-yoneda/,https://prrp.site/s27,https://prrp.site/s027
S028,28,Central Theorem route,Book II,E0,CS-03,Internalize Self-Enrichment,scaffolded_from_full_spine_rc3,/corpus/construction-spine/steps/028-central-theorem-route/,https://prrp.site/s28,https://prrp.site/s028
S029,29,τ-manifold and Book III handoff,Book II,E0,CS-03,Internalize Self-Enrichment,scaffolded_from_full_spine_rc3,/corpus/construction-spine/steps/029-tau-manifold-and-book-iii-handoff/,https://prrp.site/s29,https://prrp.site/s029
S030,30,Kernel minimality and categoricity,Book II,E0,CS-03,Internalize Self-Enrichment,scaffolded_from_full_spine_rc3,/corpus/construction-spine/steps/030-kernel-minimality-and-categoricity/,https://prrp.site/s30,https://prrp.site/s030
S031,31,E₀ is not yet physics,Book III,E1,CS-04,Identify the Physical Carrier,scaffolded_from_full_spine_rc3,/corpus/construction-spine/steps/031-e0-is-not-yet-physics/,https://prrp.site/s31,https://prrp.site/s031
S032,32,No bare-point ontology,Book III,E1,CS-04,Identify the Physical Carrier,scaffolded_from_full_spine_rc3,/corpus/construction-spine/steps/032-no-bare-point-ontology/,https://prrp.site/s32,https://prrp.site/s032
S033,33,E₁ hom-object loci,Book III,E1,CS-04,Identify the Physical Carrier,scaffolded_from_full_spine_rc3,/corpus/construction-spine/steps/033-e1-hom-object-loci/,https://prrp.site/s33,https://prrp.site/s033
S034,34,Central-Theorem constraint on physical loci,Book III,E1,CS-04,Identify the Physical Carrier,scaffolded_from_full_spine_rc3,/corpus/construction-spine/steps/034-central-theorem-constraint-on-physical-loci/,https://prrp.site/s34,https://prrp.site/s034
S035,35,Hartogs bulk projection,Book III,E1,CS-04,Identify the Physical Carrier,scaffolded_from_full_spine_rc3,/corpus/construction-spine/steps/035-hartogs-bulk-projection/,https://prrp.site/s35,https://prrp.site/s035
S036,36,Local-to-global gluing burden,Book III,E1,CS-04,Identify the Physical Carrier,scaffolded_from_full_spine_rc3,/corpus/construction-spine/steps/036-local-to-global-gluing-burden/,https://prrp.site/s36,https://prrp.site/s036
S037,37,Carrier guarantees and external shadows,Book III,E1,CS-04,Identify the Physical Carrier,scaffolded_from_full_spine_rc3,/corpus/construction-spine/steps/037-carrier-guarantees-and-external-shadows/,https://prrp.site/s37,https://prrp.site/s037
S038,38,Global Cartesian gluing and decompactification,Book III,E1,CS-04,Identify the Physical Carrier,scaffolded_from_full_spine_rc3,/corpus/construction-spine/steps/038-global-cartesian-gluing-and-decompactification/,https://prrp.site/s38,https://prrp.site/s038
S039,39,3+1 spacetime signature,Book III,E1,CS-04,Identify the Physical Carrier,scaffolded_from_full_spine_rc3,/corpus/construction-spine/steps/039-3-plus-1-spacetime-signature/,https://prrp.site/s39,https://prrp.site/s039
S040,40,4+1 sector template,Book III,E1,CS-04,Identify the Physical Carrier,scaffolded_from_full_spine_rc3,/corpus/construction-spine/steps/040-4-plus-1-sector-template/,https://prrp.site/s40,https://prrp.site/s040
S041,41,No Knobs Principle,Book III,E1,CS-04,Identify the Physical Carrier,scaffolded_from_full_spine_rc3,/corpus/construction-spine/steps/041-no-knobs-principle/,https://prrp.site/s41,https://prrp.site/s041
S042,42,Hinge Theorem export,Book III,E1,CS-04,Identify the Physical Carrier,scaffolded_from_full_spine_rc3,/corpus/construction-spine/steps/042-hinge-theorem-export/,https://prrp.site/s42,https://prrp.site/s042
S043,43,Layered equivalence,Book IV,E1,CS-05,Recover Internal Physical Grammar,scaffolded_from_full_spine_rc3,/corpus/construction-spine/steps/043-layered-equivalence/,https://prrp.site/s43,https://prrp.site/s043
S044,44,No stage/actor split,Book IV,E1,CS-05,Recover Internal Physical Grammar,scaffolded_from_full_spine_rc3,/corpus/construction-spine/steps/044-no-stage-actor-split/,https://prrp.site/s44,https://prrp.site/s044
S045,45,Self-description on the T² fiber,Book IV,E1,CS-05,Recover Internal Physical Grammar,scaffolded_from_full_spine_rc3,/corpus/construction-spine/steps/045-self-description-on-the-t-2-fiber/,https://prrp.site/s45,https://prrp.site/s045
S046,46,Defect-bundle formalism,Book IV,E1,CS-05,Recover Internal Physical Grammar,scaffolded_from_full_spine_rc3,/corpus/construction-spine/steps/046-defect-bundle-formalism/,https://prrp.site/s46,https://prrp.site/s046
S047,47,Photon as null transport,Book IV,E1,CS-05,Recover Internal Physical Grammar,scaffolded_from_full_spine_rc3,/corpus/construction-spine/steps/047-photon-as-null-transport/,https://prrp.site/s47,https://prrp.site/s047
S048,48,Neutron as minimal stable defect,Book IV,E1,CS-05,Recover Internal Physical Grammar,scaffolded_from_full_spine_rc3,/corpus/construction-spine/steps/048-neutron-as-minimal-stable-defect/,https://prrp.site/s48,https://prrp.site/s048
S049,49,Beta differentiation and hydrogen closure,Book IV,E1,CS-05,Recover Internal Physical Grammar,scaffolded_from_full_spine_rc3,/corpus/construction-spine/steps/049-beta-differentiation-and-hydrogen-closure/,https://prrp.site/s49,https://prrp.site/s049
S050,50,Neutrino ontology and Majorana readout,Book IV,E1,CS-05,Recover Internal Physical Grammar,scaffolded_from_full_spine_rc3,/corpus/construction-spine/steps/050-neutrino-ontology-and-majorana-readout/,https://prrp.site/s50,https://prrp.site/s050
S051,51,Quantum mechanics as CR-address obstruction,Book IV,E1,CS-05,Recover Internal Physical Grammar,scaffolded_from_full_spine_rc3,/corpus/construction-spine/steps/051-quantum-mechanics-as-cr-address-obstruction/,https://prrp.site/s51,https://prrp.site/s051
S052,52,Uncertainty as geometric obstruction,Book IV,E1,CS-05,Recover Internal Physical Grammar,scaffolded_from_full_spine_rc3,/corpus/construction-spine/steps/052-uncertainty-as-geometric-obstruction/,https://prrp.site/s52,https://prrp.site/s052
S053,53,Physical quantity semantics,Book IV,E1,CS-05,Recover Internal Physical Grammar,scaffolded_from_full_spine_rc3,/corpus/construction-spine/steps/053-physical-quantity-semantics/,https://prrp.site/s53,https://prrp.site/s053
S054,54,Forces as holonomy tools,Book IV,E1,CS-05,Recover Internal Physical Grammar,scaffolded_from_full_spine_rc3,/corpus/construction-spine/steps/054-forces-as-holonomy-tools/,https://prrp.site/s54,https://prrp.site/s054
S055,55,Confinement as address irresolvability,Book IV,E1,CS-05,Recover Internal Physical Grammar,scaffolded_from_full_spine_rc3,/corpus/construction-spine/steps/055-confinement-as-address-irresolvability/,https://prrp.site/s55,https://prrp.site/s055
S056,56,Three generations from topology,Book IV,E1,CS-05,Recover Internal Physical Grammar,scaffolded_from_full_spine_rc3,/corpus/construction-spine/steps/056-three-generations-from-topology/,https://prrp.site/s56,https://prrp.site/s056
S057,57,"Sector atlas, masses, nuclei",Book IV,E1,CS-05,Recover Internal Physical Grammar,scaffolded_from_full_spine_rc3,/corpus/construction-spine/steps/057-sector-atlas-masses-nuclei/,https://prrp.site/s57,https://prrp.site/s057
S058,58,Book IV closure: coupling ledger and microcosm completion,Book V,E1,CS-06,"Build Measurement, Prediction, and Empirical Bridges",scaffolded_from_full_spine_rc3,/corpus/construction-spine/steps/058-book-iv-closure-coupling-ledger-and-microcosm-completion/,https://prrp.site/s58,https://prrp.site/s058
S059,59,Fiber/base completion,Book V,E1,CS-06,"Build Measurement, Prediction, and Empirical Bridges",scaffolded_from_full_spine_rc3,/corpus/construction-spine/steps/059-fiber-base-completion/,https://prrp.site/s59,https://prrp.site/s059
S060,60,Proto-time to proper time,Book V,E1,CS-06,"Build Measurement, Prediction, and Empirical Bridges",scaffolded_from_full_spine_rc3,/corpus/construction-spine/steps/060-proto-time-to-proper-time/,https://prrp.site/s60,https://prrp.site/s060
S061,61,"Causality, worldlines, and null-exchange distance",Book V,E1,CS-06,"Build Measurement, Prediction, and Empirical Bridges",scaffolded_from_full_spine_rc3,/corpus/construction-spine/steps/061-causality-worldlines-and-null-exchange-distance/,https://prrp.site/s61,https://prrp.site/s061
S062,62,Redshift and Hubble readout,Book V,E1,CS-06,"Build Measurement, Prediction, and Empirical Bridges",scaffolded_from_full_spine_rc3,/corpus/construction-spine/steps/062-redshift-and-hubble-readout/,https://prrp.site/s62,https://prrp.site/s062
S063,63,Gravity as frame holonomy,Book V,E1,CS-06,"Build Measurement, Prediction, and Empirical Bridges",scaffolded_from_full_spine_rc3,/corpus/construction-spine/steps/063-gravity-as-frame-holonomy/,https://prrp.site/s63,https://prrp.site/s063
S064,64,τ-Einstein identity,Book V,E1,CS-06,"Build Measurement, Prediction, and Empirical Bridges",scaffolded_from_full_spine_rc3,/corpus/construction-spine/steps/064-tau-einstein-identity/,https://prrp.site/s64,https://prrp.site/s064
S065,65,Lorentzian signature from j²=+1,Book V,E1,CS-06,"Build Measurement, Prediction, and Empirical Bridges",scaffolded_from_full_spine_rc3,/corpus/construction-spine/steps/065-lorentzian-signature-from-j-2-plus-1/,https://prrp.site/s65,https://prrp.site/s065
S066,66,Thermodynamic inversion,Book V,E1,CS-06,"Build Measurement, Prediction, and Empirical Bridges",scaffolded_from_full_spine_rc3,/corpus/construction-spine/steps/066-thermodynamic-inversion/,https://prrp.site/s66,https://prrp.site/s066
S067,67,"Heat, temperature, vacuum, and dark-energy readout",Book V,E1,CS-06,"Build Measurement, Prediction, and Empirical Bridges",scaffolded_from_full_spine_rc3,/corpus/construction-spine/steps/067-heat-temperature-vacuum-and-dark-energy-readout/,https://prrp.site/s67,https://prrp.site/s067
S068,68,Macro defect lift and collective dynamics,Book V,E1,CS-06,"Build Measurement, Prediction, and Empirical Bridges",scaffolded_from_full_spine_rc3,/corpus/construction-spine/steps/068-macro-defect-lift-and-collective-dynamics/,https://prrp.site/s68,https://prrp.site/s068
S069,69,"Macro regularity, turbulence, and charge/flux",Book V,E1,CS-06,"Build Measurement, Prediction, and Empirical Bridges",scaffolded_from_full_spine_rc3,/corpus/construction-spine/steps/069-macro-regularity-turbulence-and-charge-flux/,https://prrp.site/s69,https://prrp.site/s069
S070,70,Classical mechanics as coarse readout,Book V,E1,CS-06,"Build Measurement, Prediction, and Empirical Bridges",scaffolded_from_full_spine_rc3,/corpus/construction-spine/steps/070-classical-mechanics-as-coarse-readout/,https://prrp.site/s70,https://prrp.site/s070
S071,71,"Galaxies, rotation curves, and compact objects",Book V,E1,CS-06,"Build Measurement, Prediction, and Empirical Bridges",scaffolded_from_full_spine_rc3,/corpus/construction-spine/steps/071-galaxies-rotation-curves-and-compact-objects/,https://prrp.site/s71,https://prrp.site/s071
S072,72,Black holes as topological channel openings,Book V,E1,CS-06,"Build Measurement, Prediction, and Empirical Bridges",scaffolded_from_full_spine_rc3,/corpus/construction-spine/steps/072-black-holes-as-topological-channel-openings/,https://prrp.site/s72,https://prrp.site/s072
S073,73,Cosmic web as Wilson-loop carrier channels,Book V,E1,CS-06,"Build Measurement, Prediction, and Empirical Bridges",scaffolded_from_full_spine_rc3,/corpus/construction-spine/steps/073-cosmic-web-as-wilson-loop-carrier-channels/,https://prrp.site/s73,https://prrp.site/s073
S074,74,"Big Bang, threshold ladder, and endstate",Book V,E1,CS-06,"Build Measurement, Prediction, and Empirical Bridges",scaffolded_from_full_spine_rc3,/corpus/construction-spine/steps/074-big-bang-threshold-ladder-and-endstate/,https://prrp.site/s74,https://prrp.site/s074
S075,75,Book V late-stage synthesis and macrocosm export surface,Book V,E1,CS-06,"Build Measurement, Prediction, and Empirical Bridges",scaffolded_from_full_spine_rc3,/corpus/construction-spine/steps/075-book-v-late-stage-synthesis-and-macrocosm-export-surface/,https://prrp.site/s75,https://prrp.site/s075
S076,76,E₁ physics complete,Book V,E1,CS-06,"Build Measurement, Prediction, and Empirical Bridges",scaffolded_from_full_spine_rc3,/corpus/construction-spine/steps/076-e1-physics-complete/,https://prrp.site/s76,https://prrp.site/s076
S077,77,E₁ to E₂: life as predicate layer,Book VI,E2,CS-07,Recover Life as a Structural Class,scaffolded_from_full_spine_rc3,/corpus/construction-spine/steps/077-e1-to-e2-life-as-predicate-layer/,https://prrp.site/s77,https://prrp.site/s077
S078,78,Distinction plus SelfDesc,Book VI,E2,CS-07,Recover Life as a Structural Class,scaffolded_from_full_spine_rc3,/corpus/construction-spine/steps/078-distinction-plus-selfdesc/,https://prrp.site/s78,https://prrp.site/s078
S079,79,Layer separation from physics,Book VI,E2,CS-07,Recover Life as a Structural Class,scaffolded_from_full_spine_rc3,/corpus/construction-spine/steps/079-layer-separation-from-physics/,https://prrp.site/s79,https://prrp.site/s079
S080,80,Life Loop and metabolic closure,Book VI,E2,CS-07,Recover Life as a Structural Class,scaffolded_from_full_spine_rc3,/corpus/construction-spine/steps/080-life-loop-and-metabolic-closure/,https://prrp.site/s80,https://prrp.site/s080
S081,81,Boundary and energy coupling,Book VI,E2,CS-07,Recover Life as a Structural Class,scaffolded_from_full_spine_rc3,/corpus/construction-spine/steps/081-boundary-and-energy-coupling/,https://prrp.site/s81,https://prrp.site/s081
S082,82,"Code, genotype, and heredity",Book VI,E2,CS-07,Recover Life as a Structural Class,scaffolded_from_full_spine_rc3,/corpus/construction-spine/steps/082-code-genotype-and-heredity/,https://prrp.site/s82,https://prrp.site/s082
S083,83,"Replication, development, and morphogenesis",Book VI,E2,CS-07,Recover Life as a Structural Class,scaffolded_from_full_spine_rc3,/corpus/construction-spine/steps/083-replication-development-and-morphogenesis/,https://prrp.site/s83,https://prrp.site/s083
S084,84,4+1 life-sector template,Book VI,E2,CS-07,Recover Life as a Structural Class,scaffolded_from_full_spine_rc3,/corpus/construction-spine/steps/084-4-plus-1-life-sector-template/,https://prrp.site/s84,https://prrp.site/s084
S085,85,Evolution as PPAS selection,Book VI,E2,CS-07,Recover Life as a Structural Class,scaffolded_from_full_spine_rc3,/corpus/construction-spine/steps/085-evolution-as-ppas-selection/,https://prrp.site/s85,https://prrp.site/s085
S086,86,Immunity and species boundaries,Book VI,E2,CS-07,Recover Life as a Structural Class,scaffolded_from_full_spine_rc3,/corpus/construction-spine/steps/086-immunity-and-species-boundaries/,https://prrp.site/s86,https://prrp.site/s086
S087,87,Neural bridge to self-modeling,Book VI,E2,CS-07,Recover Life as a Structural Class,scaffolded_from_full_spine_rc3,/corpus/construction-spine/steps/087-neural-bridge-to-self-modeling/,https://prrp.site/s87,https://prrp.site/s087
S088,88,Structural self-modeling boundary,Book VI,E2,CS-07,Recover Life as a Structural Class,scaffolded_from_full_spine_rc3,/corpus/construction-spine/steps/088-structural-self-modeling-boundary/,https://prrp.site/s88,https://prrp.site/s088
S089,89,Language as extended lemniscate,Book VI,E2,CS-07,Recover Life as a Structural Class,scaffolded_from_full_spine_rc3,/corpus/construction-spine/steps/089-language-as-extended-lemniscate/,https://prrp.site/s89,https://prrp.site/s089
S090,90,E₂ export to E₃,Book VI,E2,CS-07,Recover Life as a Structural Class,scaffolded_from_full_spine_rc3,/corpus/construction-spine/steps/090-e2-export-to-e3/,https://prrp.site/s90,https://prrp.site/s090
S091,91,E₂ to E₃: reflective structure,Book VII,E3,CS-08,Recover Reflective Structure,scaffolded_from_full_spine_rc3,/corpus/construction-spine/steps/091-e2-to-e3-reflective-structure/,https://prrp.site/s91,https://prrp.site/s091
S092,92,MetaDecode and SelfDesc-of-SelfDesc,Book VII,E3,CS-08,Recover Reflective Structure,scaffolded_from_full_spine_rc3,/corpus/construction-spine/steps/092-metadecode-and-selfdesc-of-selfdesc/,https://prrp.site/s92,https://prrp.site/s092
S093,93,Four registers of reason,Book VII,E3,CS-08,Recover Reflective Structure,scaffolded_from_full_spine_rc3,/corpus/construction-spine/steps/093-four-registers-of-reason/,https://prrp.site/s93,https://prrp.site/s093
S094,94,Reflective 4+1 register template,Book VII,E3,CS-08,Recover Reflective Structure,scaffolded_from_full_spine_rc3,/corpus/construction-spine/steps/094-reflective-4-plus-1-register-template/,https://prrp.site/s94,https://prrp.site/s094
S095,95,Formal systems as represented objects,Book VII,E3,CS-09,Self-Host Formal Systems and the Kernel Itself,scaffolded_from_full_spine_rc3,/corpus/construction-spine/steps/095-formal-systems-as-represented-objects/,https://prrp.site/s95,https://prrp.site/s095
S096,96,Gödel and halting boundary,Book VII,E3,CS-09,Self-Host Formal Systems and the Kernel Itself,scaffolded_from_full_spine_rc3,/corpus/construction-spine/steps/096-godel-and-halting-boundary/,https://prrp.site/s96,https://prrp.site/s096
S097,97,"Language, meaning, and proof arc",Book VII,E3,CS-09,Self-Host Formal Systems and the Kernel Itself,scaffolded_from_full_spine_rc3,/corpus/construction-spine/steps/097-language-meaning-and-proof-arc/,https://prrp.site/s97,https://prrp.site/s097
S098,98,"Logic, inference, and truth at reflective scale",Book VII,E3,CS-10,Test Universal Closure and Ontic Status,scaffolded_from_full_spine_rc3,/corpus/construction-spine/steps/098-logic-inference-and-truth-at-reflective-scale/,https://prrp.site/s98,https://prrp.site/s098
S099,99,"Mind, consciousness, and commitment access",Book VII,E3,CS-10,Test Universal Closure and Ontic Status,scaffolded_from_full_spine_rc3,/corpus/construction-spine/steps/099-mind-consciousness-and-commitment-access/,https://prrp.site/s99,https://prrp.site/s099
S100,100,Logos boundary and ontic-closure burden,Book VII,E3,CS-10,Test Universal Closure and Ontic Status,scaffolded_from_full_spine_rc3,/corpus/construction-spine/steps/100-logos-boundary-and-ontic-closure-burden/,https://prrp.site/s100,https://prrp.site/s100
